Rank,DisplayName,Vehicle,Time,TimePenalty,DifferenceToFirst,Platform,
1,speeedhunterr,Citroën C3 WRC,00:05:42.5380000,00:00:00,00:00:00,XBOX,
2,SirDracuIa,Volkswagen Polo 2017,00:05:45.0050000,00:00:00,00:00:02.4670000,STEAM,
3,YotesFan79,Ford Fiesta WRC,00:05:49.0590000,00:00:00,00:00:06.5210000,XBOX,
4,stenbough,Citroën C3 WRC,00:05:59.8080000,00:00:00,00:00:17.2700000,STEAM,
5,xxReaven,Citroën C3 WRC,00:06:01.0970000,00:00:00,00:00:18.5590000,STEAM,
6,Jayzedyy,Volkswagen Polo 2017,00:06:24.6460000,00:00:05,00:00:42.1080000,PSN,
7,dannyram2025,Ford Fiesta WRC,00:16:00,00:16:00,00:10:17.4620000,PSN,
8,Abandon1445,Ford Fiesta WRC,00:16:00,00:16:00,00:10:17.4620000,STEAM,
9,Motsky,Ford Fiesta WRC,00:16:00,00:16:00,00:10:17.4620000,PSN,
